loss,cer
0.0013036251398699694,2.884153968114155
