loss,cer
8.547500681818467e-05,0.40880366092830683
8.691609810891907e-05,0.4092917177007222
8.680105178178341e-05,0.406080328948863
